,Row,Col,Sym,Diag
0,"(0.13988563162950263, 0.1375492157149517)","(0.10898107431664039, 0.10842878876828488)","(0.1376169297256271, 0.13544391292986102)","(0.11542125112715085, 0.10792922081765931)"
1,"(0.12407042347097186, 0.12242478838432758)","(0.10787931972079479, 0.1073991001088278)","(0.12110250197847383, 0.11894101690786862)","(0.12256526537661705, 0.12185222616218512)"
2,"(0.1036546009609206, 0.10297824864278204)","(0.10649377895406664, 0.10607071473777241)","(0.10315782425953257, 0.1015784023125903)","(0.09263682682144436, 0.09214576043614911)"
3,"(0.14050980031971771, 0.13827377326737622)","(0.1117504254037518, 0.1115149208122802)","(0.13884783600704687, 0.13631405092118254)","(0.14257737565563655, 0.14209348989114712)"
4,"(0.17014255002160739, 0.1644473066213643)","(0.18125691390998366, 0.18012562671336707)","(0.17014255002160739, 0.1593819020099534)","(0.1293860804529805, 0.12545266508250874)"
5,"(0.1503210123360207, 0.14745859309260834)","(0.12726766627247266, 0.1268334401441541)","(0.14582881808500603, 0.14334077072649376)","(0.10445938144412115, 0.10398470528050735)"
6,"(0.1358770187786249, 0.13285649449116044)","(0.08354041769979104, 0.08146623582282486)","(0.13403455672664333, 0.13070443083785233)","(0.1309473512900936, 0.12951140959655996)"
7,"(0.14860583352991052, 0.14680929704054113)","(0.11471695189399045, 0.1140803158720548)","(0.14577832832217585, 0.1443106772630527)","(0.14743298626124712, 0.14688256473027275)"
8,"(0.13512352610330092, 0.12245062025268216)","(0.14431381754592243, 0.14396723621886365)","(0.13512352610330092, 0.12102501726998904)","(0.10729897279056555, 0.10660074857243686)"
9,"(0.12450614486001477, 0.12246929409896934)","(0.09374725023958386, 0.09344997430232438)","(0.12396473768618577, 0.12178472262635887)","(0.12481829542739853, 0.12424543670202401)"
10,"(0.121449892160155, 0.12105521756798543)","(0.10907072179070743, 0.10852653889341313)","(0.11695274712664716, 0.11651276619817164)","(0.11849979821398837, 0.11800268440718845)"
11,"(0.12604581590421504, 0.11839590846337045)","(0.11176915371493779, 0.11040521732204933)","(0.11930400699211752, 0.11356823141353867)","(0.12176923090983693, 0.11951707433277035)"
12,"(0.12952227658874815, 0.1287873794340164)","(0.12862646602813688, 0.12847185483639212)","(0.1285339368980134, 0.12732631176211062)","(0.11169789430991561, 0.11115966671130427)"
13,"(0.14021226808861742, 0.13953087602688852)","(0.11229691240181072, 0.11176624893035669)","(0.13450395909299262, 0.13311474195853068)","(0.13689444346459456, 0.13660601745398485)"
14,"(0.11613551545733958, 0.11449110611280333)","(0.10923722628347932, 0.10906330391510244)","(0.11522844788512232, 0.11379289646626356)","(0.11580376843047313, 0.11544349788515275)"
15,"(0.11923319602807458, 0.11456387677333357)","(0.10402484237246112, 0.103709617834299)","(0.1167919947601318, 0.1122189221465949)","(0.11788430156530072, 0.11580407930711045)"
16,"(0.13493582466224463, 0.13326205113781708)","(0.11766811726047544, 0.11716554470749352)","(0.12812904709491657, 0.12638857433299366)","(0.13492447276176467, 0.13407927504224101)"
17,"(0.1515532867728715, 0.14596070921739845)","(0.1541887223558468, 0.1538727115221441)","(0.15085129904283412, 0.14358054582162305)","(0.11185435589478487, 0.11151426704437421)"
18,"(0.10344631025323558, 0.1027361535544783)","(0.1073432225056048, 0.10656350444457385)","(0.10196213100035578, 0.1006462806240741)","(0.10348800271570124, 0.10300415297802144)"
19,"(0.13221163519136192, 0.13075791932738612)","(0.1446747993410631, 0.1442423253923989)","(0.13221163519136192, 0.1290648826973072)","(0.10307227999699509, 0.10283715971455272)"
20,"(0.11133300045406758, 0.10981566638622642)","(0.11339733467564683, 0.11317773062843473)","(0.11046074812537254, 0.10911680541265179)","(0.09709414409985506, 0.09661371775719156)"
21,"(0.13001284670908753, 0.12149337954287232)","(0.09934857340704639, 0.09844661115443254)","(0.12653576478852446, 0.1196640593483187)","(0.13063717070794734, 0.12455298264460195)"
22,"(0.14314498356777539, 0.14080838719829392)","(0.08845452938175191, 0.08792636296423917)","(0.14087063015832957, 0.1383780678526625)","(0.12772876214051676, 0.1275397877300864)"
23,"(0.13917743949315964, 0.1382519327620072)","(0.10882515924567637, 0.10858467099152591)","(0.13758565884946528, 0.1356309835384497)","(0.13896724856694354, 0.1381288481386841)"
24,"(0.10612608767466314, 0.10476856435060666)","(0.07828047426559515, 0.0781355063450897)","(0.10306164373222337, 0.10174316889723867)","(0.10412291651012684, 0.10336756524550603)"
25,"(0.1445659440890087, 0.143391095807345)","(0.12024864821484471, 0.12006226976367085)","(0.1412107788831216, 0.13968503782032915)","(0.130992071580192, 0.1279150241853855)"
26,"(0.14984108609528957, 0.14739529623409875)","(0.14374542072988095, 0.1433080902581586)","(0.1443595431413256, 0.1421309597687166)","(0.14637624775197589, 0.1456088986503887)"
27,"(0.11341840176297002, 0.11245216627719046)","(0.10519177808274849, 0.10494339890752569)","(0.11217925706431597, 0.11084404317557517)","(0.10862386477408559, 0.10650929045527659)"
28,"(0.12511420166194298, 0.12455352415904897)","(0.08957607954664737, 0.0892978023906782)","(0.12301643948719931, 0.12245628218064519)","(0.11384078101071804, 0.10989237300262435)"
29,"(0.1366232723572398, 0.13635646984557914)","(0.10797317705862286, 0.10781098067003803)","(0.13573663663959656, 0.13500015669915977)","(0.1381493565337738, 0.13749379205544324)"
30,"(0.11451067368167134, 0.11240874065865003)","(0.12053895382378066, 0.12026596249786381)","(0.11451067368167134, 0.10945663490221347)","(0.1111540994997422, 0.11044048732271061)"
31,"(0.12375154072839956, 0.1225066991759961)","(0.11290670408893833, 0.1127180882036678)","(0.11985083425802645, 0.11793298780415995)","(0.10840755417041836, 0.10751508766719375)"
32,"(0.12081977291497292, 0.12004566137146311)","(0.12827886248128384, 0.12809656924276436)","(0.12021216351899422, 0.11727627770061111)","(0.10524054215894185, 0.10508757734651587)"
33,"(0.1391581743924568, 0.13761448067917226)","(0.1165669195872635, 0.11629685103297094)","(0.13425197533333544, 0.13259853570486635)","(0.13562666560810221, 0.13504028101020563)"
34,"(0.10623667007687698, 0.10441547494582881)","(0.07993611776960341, 0.07924481964284413)","(0.10274278553340388, 0.10077985276730617)","(0.0990446600351289, 0.09769517708117256)"
35,"(0.1435948981469647, 0.14294716258889084)","(0.13517859565214385, 0.13486424237885897)","(0.14011737535666702, 0.13919597381164905)","(0.12868504133561054, 0.1273231233863739)"
36,"(0.14895665245594614, 0.1463469071361163)","(0.1368653846935629, 0.13573789246925305)","(0.142453493516021, 0.13837523625881187)","(0.12268727674159252, 0.1218907065137428)"
37,"(0.12954868232506866, 0.1280583011670854)","(0.09243280553134148, 0.09215606552575173)","(0.12781457927946616, 0.12628078666950004)","(0.13001319129750033, 0.12959577932005434)"
38,"(0.12321693169900005, 0.12236045948292473)","(0.10323924452935307, 0.10244589231786971)","(0.12119548742097042, 0.12005083540370276)","(0.1231990916257033, 0.122964206695585)"
39,"(0.11727635694821159, 0.11571656623307647)","(0.11281865187549422, 0.11237710576521409)","(0.11314699751545587, 0.1113728391497395)","(0.11499283089963097, 0.11450488891600859)"
40,"(0.10926929882824499, 0.10753691538285426)","(0.11458943313413661, 0.11415421498365819)","(0.10926929882824499, 0.10356576783974225)","(0.10235289201342679, 0.10206027412830923)"
41,"(0.14955035306386566, 0.1481963594147917)","(0.09477433845042704, 0.09457443409065669)","(0.14515659859312646, 0.144006801085224)","(0.14816408272221615, 0.14782283483559167)"
42,"(0.1395393704072313, 0.13793694182048144)","(0.12144231387061444, 0.12065393519211154)","(0.1343107912797714, 0.13334192673156386)","(0.13508173222812414, 0.13481511142269412)"
43,"(0.10774449892637694, 0.10594583801837976)","(0.09620368221233289, 0.09538297789662387)","(0.10568187039974619, 0.10409272695478411)","(0.1112042162901975, 0.11050118058524518)"
44,"(0.14170507746665828, 0.13944413079416107)","(0.11601262951121905, 0.11545966934277607)","(0.13904839477681297, 0.13660216980960904)","(0.1116318704810042, 0.11127517301481085)"
45,"(0.11462722953158833, 0.1139928164296613)","(0.1134829753928438, 0.11291185245538748)","(0.11070462357760436, 0.11015306680245718)","(0.11300707556604295, 0.11211641404500414)"
46,"(0.1254658018633611, 0.12474805783530518)","(0.12715517962558776, 0.12697182903952553)","(0.12254625879250491, 0.12127358986205872)","(0.10472767728742816, 0.10411562468043599)"
47,"(0.12388252190445537, 0.12318241432942323)","(0.115156356391933, 0.11469642611236763)","(0.12215462271309785, 0.12128308546481692)","(0.11445575872692271, 0.11341501584448414)"
48,"(0.14357337108065749, 0.14160416596926317)","(0.12217480825816529, 0.12167144187080436)","(0.1426565867139976, 0.14040208269992194)","(0.1471249099252635, 0.14621030439668295)"
49,"(0.12332740267693731, 0.12245819966419069)","(0.09668539160229139, 0.09629481281333763)","(0.12262190093972603, 0.12159781508392253)","(0.12427565420978981, 0.1237413610476607)"
50,"(0.1103383602916772, 0.10958428662752928)","(0.1095154233968263, 0.10914388970962985)","(0.10935614069810295, 0.10854563925883498)","(0.11153801579898692, 0.1112386109968315)"
51,"(0.11715889943776014, 0.11564877953478869)","(0.09387516194241863, 0.09317657206823049)","(0.11480615359895885, 0.11342025714344928)","(0.11682754476064128, 0.11650534250968198)"
52,"(0.13730114739451393, 0.13589614422949103)","(0.12139014369736978, 0.12092215817152885)","(0.13522886952367763, 0.13382729779257163)","(0.13577230590653888, 0.13516447134733311)"
53,"(0.12913045331434447, 0.12715789006137868)","(0.09947274500071457, 0.09902855140761724)","(0.12711157956855257, 0.12505044602743742)","(0.1303566269941443, 0.12962338509262167)"
54,"(0.13197330073577718, 0.13095338827184855)","(0.10657893663923335, 0.10622721673470303)","(0.13043070211331043, 0.130065610780442)","(0.13423491989429737, 0.13381865827749534)"
55,"(0.10818733548172288, 0.10711369679266802)","(0.11386790817267545, 0.11329017533942787)","(0.10526513920714031, 0.09924839899812465)","(0.1021385689452391, 0.10064006717178633)"
56,"(0.1427294135433259, 0.14155509817176315)","(0.1344010673810977, 0.13411191926953292)","(0.1409868294956178, 0.1403118379676812)","(0.11948026335179651, 0.11764157422903242)"
57,"(0.14967739373880895, 0.14257249501282188)","(0.1398265752396276, 0.13928348901288923)","(0.14823739395493984, 0.13885095627891786)","(0.15251578754105943, 0.14989540017319555)"
58,"(0.1537993246487226, 0.14502758578559793)","(0.11429742929513165, 0.11410127886177313)","(0.1513217423512232, 0.14221153973707967)","(0.15287551326159188, 0.14927071751042817)"
59,"(0.09770350152342866, 0.09654654814903407)","(0.1018327937649709, 0.10102133778351008)","(0.09664711188908603, 0.09541660314085754)","(0.0959547053848222, 0.09569021592738604)"
60,"(0.14661847328345567, 0.14612581095373012)","(0.1504655722772874, 0.1500865097840285)","(0.1447674678893085, 0.1426583976083473)","(0.1197373360368783, 0.11597576697311754)"
61,"(0.13947557613274253, 0.1382984894976791)","(0.10357721376668538, 0.10333103796654841)","(0.1363220114017738, 0.13585390140745823)","(0.13929272610336263, 0.13877557915396452)"
62,"(0.18211718029146062, 0.17918488710823055)","(0.11324413375346898, 0.11225733037965147)","(0.1681680849466135, 0.1651257940272287)","(0.1509850695868693, 0.1502192272809449)"
63,"(0.13007554546400157, 0.12537425525176638)","(0.11906809702876187, 0.11895902392178281)","(0.12880651316886182, 0.12375416020434304)","(0.13146905622309824, 0.12986729720780119)"
64,"(0.13454913622759535, 0.13371838350861476)","(0.13195560273092977, 0.1316747981411064)","(0.13123277021634794, 0.1302570501392334)","(0.12966917097653996, 0.12941790232885264)"
65,"(0.13663602278848397, 0.13541994800825208)","(0.10896168551204266, 0.1085784518432199)","(0.13246732945664275, 0.13136670493962066)","(0.13068048176721336, 0.12728139282581835)"
66,"(0.12478578020584952, 0.12326990416902428)","(0.08758142231888044, 0.08748598057368229)","(0.12223866596128508, 0.12072293810920831)","(0.1122429737726196, 0.10533200624554472)"
67,"(0.11903544599297122, 0.11130110039951868)","(0.12387412327143166, 0.12381822847943758)","(0.11903544599297122, 0.10990057144673737)","(0.10471946372111518, 0.10452992887442734)"
68,"(0.14178284473886416, 0.13800960666361606)","(0.14862868908157023, 0.14817026054357862)","(0.14171077038836044, 0.13730443553688954)","(0.13901783350253238, 0.13754641102332177)"
69,"(0.12649283092892705, 0.12474751989466382)","(0.11199729753954712, 0.11182268579585042)","(0.12203580676217629, 0.12100707385588405)","(0.10748293360996197, 0.10698903257950086)"
70,"(0.1562881558847934, 0.15567572355237136)","(0.0934249501872223, 0.09281962956006184)","(0.15207462248896553, 0.1515841675283135)","(0.11131924044258146, 0.11114101240010377)"
71,"(0.13078944472679932, 0.12941871372318314)","(0.09501713140479273, 0.09456753562095066)","(0.12632097119594599, 0.12501484428081155)","(0.10965577208838961, 0.10889964469235382)"
72,"(0.1570754567451612, 0.15517978880506578)","(0.11096847198664583, 0.11056746680239848)","(0.15281085194133603, 0.15002663034322872)","(0.1510833553340466, 0.1480786647838463)"
73,"(0.13437192335975856, 0.1327150494480035)","(0.10458489366002122, 0.1045047448731865)","(0.13272749580793108, 0.13031672886636125)","(0.11236736200236996, 0.1075924630231733)"
74,"(0.15296717420269978, 0.14846166174066244)","(0.08491710928953589, 0.08456455791163475)","(0.15151763199630452, 0.14704416098805084)","(0.1574755862671705, 0.15453109589444372)"
75,"(0.11677441339563432, 0.11611435992300279)","(0.11796632124579687, 0.11780904571946982)","(0.11368804063341187, 0.11336239419041294)","(0.09161874691326244, 0.09114510127341827)"
76,"(0.18104216683737162, 0.1791043842470842)","(0.1102229857455983, 0.10986334759534377)","(0.17861680180612016, 0.17722093915442516)","(0.1816416138588678, 0.18151389909072854)"
77,"(0.14187769295750996, 0.14070529743580595)","(0.1149430564431062, 0.11471084598797365)","(0.1401426975486113, 0.138743779773281)","(0.1421012358959154, 0.1415854372562885)"
78,"(0.12345726978484617, 0.12243217034296194)","(0.08385187148988749, 0.08372212028095871)","(0.12140058349478411, 0.11979782630928981)","(0.12319680225103213, 0.12243898930860844)"
79,"(0.13251563651708353, 0.13181554329104472)","(0.10450423598379988, 0.10389814723982826)","(0.12704938262987941, 0.12597724019981216)","(0.1301022889720771, 0.12985759165624056)"
80,"(0.1400444854766858, 0.139582962833264)","(0.0994653537679262, 0.09910370474864827)","(0.13343166136265694, 0.13258104249873714)","(0.1375048641553288, 0.13706149219934807)"
81,"(0.13149718429798696, 0.12723175076153348)","(0.14549851563920335, 0.14442429555420033)","(0.13149718429798696, 0.12575543205945983)","(0.10943319962324949, 0.10796323319147949)"
82,"(0.1421427484213298, 0.14092489183093315)","(0.07746833836073364, 0.07683268159149659)","(0.1395513030551665, 0.13796347603857584)","(0.13167984672179323, 0.12940034152584026)"
83,"(0.127183250760865, 0.12650820164365473)","(0.11311830037498627, 0.11273329687784306)","(0.12369292356867445, 0.12324558796272733)","(0.10636192783674048, 0.10533588787061682)"
84,"(0.13046488517371135, 0.12879154307429808)","(0.09286024344612676, 0.09207034102755485)","(0.12939804102455355, 0.12724594844155823)","(0.13349863006839569, 0.13241540753779146)"
85,"(0.1311229437840491, 0.12941067017085128)","(0.11012090241822015, 0.1094821448231671)","(0.12443675530170328, 0.122249376086909)","(0.1265292072755434, 0.12567274751330534)"
86,"(0.14821511323976821, 0.14664249719788625)","(0.09593654511794769, 0.09580024117842467)","(0.1447634898785335, 0.14386356332480632)","(0.14592088616384125, 0.14554464625181998)"
87,"(0.1482494131268136, 0.14793315708051136)","(0.0908673266920802, 0.0901468389573038)","(0.1467066805924887, 0.14561938470810043)","(0.1481129460111965, 0.1479852216870697)"
88,"(0.14378962498456627, 0.1425688636159581)","(0.11641729807506795, 0.11606377074053909)","(0.1425875993867235, 0.14120641796122702)","(0.14421139348380219, 0.14372162349134862)"
89,"(0.11412705462688666, 0.11383684544530148)","(0.09139902468193639, 0.09119160095152501)","(0.11182433796273739, 0.11139171768646128)","(0.11369679207575323, 0.11361386562119737)"
90,"(0.13138946901286364, 0.13056694521262124)","(0.11783044854820757, 0.11769777462241193)","(0.12969538777812428, 0.12877912446132989)","(0.12816218909507116, 0.12772954667373343)"
91,"(0.15282827563014556, 0.13766953880930788)","(0.11515913086646701, 0.11474589239111355)","(0.14928282892581568, 0.13380169142993736)","(0.1565064583554472, 0.15088823543202545)"
92,"(0.13439667798054167, 0.13284403501220232)","(0.109920053056759, 0.10968778373990862)","(0.1324101935318459, 0.13131976558599345)","(0.1345849474937848, 0.13426535644951665)"
93,"(0.129964686261542, 0.12891560496945642)","(0.10379492468813356, 0.10349674016507482)","(0.12132003640720124, 0.12009513181753428)","(0.11236042566833793, 0.10959975719738166)"
94,"(0.1365421524756636, 0.13501286651661903)","(0.14130347456700043, 0.1408374828908282)","(0.13569261530012222, 0.13372543641808743)","(0.12951844614729036, 0.12814163249342175)"
95,"(0.15246340334937813, 0.1504512379777223)","(0.12497948152239002, 0.12475013862553175)","(0.14846467484514292, 0.14627896636620086)","(0.15465417906217604, 0.1540299200640598)"
96,"(0.1441321395397669, 0.14182380372951298)","(0.13011169863464422, 0.1297304867614648)","(0.13997958676326927, 0.13819807572624143)","(0.14182380372951298, 0.13921566436950772)"
97,"(0.1530140460535725, 0.14999804035367825)","(0.08911077939277623, 0.0889559422303533)","(0.15183988464336218, 0.1490812266000513)","(0.15267948513363527, 0.1520098374963829)"
98,"(0.10875136217182224, 0.10834084128129562)","(0.09932438761194395, 0.098771849672744)","(0.10507164583944506, 0.10385716434801717)","(0.10618475460689292, 0.0996989191162583)"
99,"(0.10656004971609823, 0.10482144318224729)","(0.09244432373507627, 0.09212618048356236)","(0.10510737210869714, 0.1035757337132861)","(0.09400986559314173, 0.09265300415668117)"
100,"(0.13582464546137318, 0.13423422400054008)","(0.12480243481082731, 0.1242583053389863)","(0.13041554354634532, 0.1296380205533495)","(0.1324390582388365, 0.13212905201523822)"
101,"(0.12201195494940542, 0.1202294874005605)","(0.1274034343310645, 0.1272008960613099)","(0.12158167161791944, 0.11912226678277038)","(0.10954110381559312, 0.10916378144132444)"
102,"(0.11757766380836177, 0.11572928347622025)","(0.11087345383947145, 0.11062656755051059)","(0.11594552307012462, 0.11406746647462906)","(0.104801713842269, 0.10437066453149815)"
103,"(0.13200620506658522, 0.130357280316047)","(0.12104981598601017, 0.12056211627290825)","(0.1286931902579509, 0.12598190592822667)","(0.10608692854233859, 0.10574617890048064)"
104,"(0.13283389906337462, 0.13112074360572912)","(0.10949897164438283, 0.10932742230246417)","(0.12941130636129028, 0.12753004396946288)","(0.13119740363313304, 0.1305087081126266)"
105,"(0.119220272627658, 0.11761763462568464)","(0.10299987306140812, 0.10266241408509946)","(0.11759422286208476, 0.11606608669400886)","(0.11907025120035308, 0.11896295803187688)"
106,"(0.1271886765997946, 0.12614735598227922)","(0.12051631009194463, 0.120192541082357)","(0.12327772973604456, 0.12229667799437682)","(0.12722827626063793, 0.1267138374001993)"
107,"(0.13573562933771, 0.1334430808442978)","(0.06930760366906863, 0.06916670584243922)","(0.13417602812981377, 0.13136732134276308)","(0.12095032607998346, 0.1181681292708481)"
108,"(0.12354269340333746, 0.12182244627480954)","(0.11193363800988032, 0.11182424121574785)","(0.1210548881055371, 0.12009104976235707)","(0.12315761942611847, 0.12238217167189282)"
109,"(0.13816869693541256, 0.1350242673144395)","(0.13551502924270264, 0.13509163972888338)","(0.1368510873823715, 0.13333607009091664)","(0.11977140257856278, 0.11924969726415827)"
110,"(0.16335172060548253, 0.16196054908918467)","(0.08336237070842079, 0.08285664716018892)","(0.15915179223192077, 0.15678752369691795)","(0.1622552219443124, 0.161648563722795)"
111,"(0.10556050931529293, 0.10539307479648985)","(0.09622984756646158, 0.09604616033635716)","(0.10266310200405704, 0.10229361802153081)","(0.10387942951121354, 0.10379374336040789)"
112,"(0.142740950318472, 0.14178251496227467)","(0.13954416324911334, 0.13908769636426843)","(0.13593226081288334, 0.13383615189177445)","(0.1265274437827394, 0.12532356604198125)"
113,"(0.13048782348977095, 0.1294581425786917)","(0.13157183410029238, 0.1309199224872467)","(0.12357517363669734, 0.12302382588693228)","(0.12611494482547492, 0.12570617661735117)"
114,"(0.11645625212205235, 0.11447249818924565)","(0.09852828417050585, 0.09826716109930644)","(0.11347714147034538, 0.11211115114442904)","(0.11578549195403165, 0.11440051109930949)"
115,"(0.13626368727287064, 0.13169151938753454)","(0.14182703745060465, 0.1415257612554507)","(0.13621198291109693, 0.1300999087726259)","(0.11974353451969955, 0.11936309146792226)"
116,"(0.1263285548229186, 0.12545761227651298)","(0.13530524034711167, 0.13443922866117652)","(0.1245315620975912, 0.12359777266100747)","(0.10585650116921586, 0.10429498663350385)"
117,"(0.10491144735698488, 0.10317229894617375)","(0.11305893460677297, 0.11253044208010543)","(0.10491144735698488, 0.10236027654038282)","(0.09671913731852977, 0.09535067059656424)"
118,"(0.12019857286255975, 0.1198235359297124)","(0.08949289345225875, 0.08928877348941688)","(0.11739398043612947, 0.11682099840955629)","(0.12215566481449225, 0.12153245713580398)"
119,"(0.1577691135152255, 0.15719330728733683)","(0.08536525046114196, 0.08483323863985437)","(0.15696456222584076, 0.15617828913887255)","(0.15864230353148345, 0.15822698918046363)"
120,"(0.13765775563599225, 0.13247204746441354)","(0.14274621443278113, 0.14227987102177186)","(0.13765775563599225, 0.13008767707224422)","(0.1316111353396351, 0.13145051731471188)"
121,"(0.13116348174831916, 0.1287008357533138)","(0.11995240012732689, 0.11951418210811715)","(0.1294092396612837, 0.1271844275661823)","(0.13495923906266738, 0.13373837823485032)"
122,"(0.15085595174935318, 0.14880482220151348)","(0.1117247892734835, 0.11126249960831325)","(0.14969148913935537, 0.14713196352400937)","(0.15512889045063005, 0.15382501418802513)"
123,"(0.14505230697424054, 0.14324497658147295)","(0.09308310796426489, 0.09230959310514741)","(0.14168880550194352, 0.14003982847608765)","(0.14241631777698804, 0.1422426782060184)"
124,"(0.12425679076040774, 0.11200531280472215)","(0.12871831741709416, 0.1284202063911727)","(0.12425679076040774, 0.11110691027810082)","(0.0885936734848054, 0.08735185527041929)"
125,"(0.1096682566314261, 0.10510987090606494)","(0.11732577701083857, 0.11702394825004858)","(0.1096682566314261, 0.10168837972372824)","(0.10391282123269385, 0.1032366096972046)"
126,"(0.12254264078927601, 0.11907105569998178)","(0.09761149349569231, 0.09729129230365474)","(0.1180466215681284, 0.11534412864521704)","(0.12474324524176506, 0.12265591627547748)"
127,"(0.1338433886774103, 0.13287373454331275)","(0.11898934027188013, 0.11836624084559788)","(0.13147018172792457, 0.13059480787074362)","(0.13688551420768325, 0.13618726723407787)"
128,"(0.1315961677778671, 0.13106129135924716)","(0.12960166538959716, 0.12886097846505895)","(0.12903059573974984, 0.12840602380120736)","(0.12824293085362726, 0.1280528446446188)"
129,"(0.14600239533750703, 0.14448435289351624)","(0.11245393744536669, 0.11203565954935324)","(0.14422650031443407, 0.14254006817216525)","(0.14678915578730944, 0.1459244634005837)"
130,"(0.1329378730524533, 0.13133995377447039)","(0.12331548018897431, 0.12321376751306523)","(0.13091635779281674, 0.12987221725748344)","(0.13311502997006752, 0.1329254763659874)"
131,"(0.15044728820014308, 0.14898099704913736)","(0.11755926614691314, 0.1169587459587359)","(0.14363611014450217, 0.14245192975497067)","(0.14751669776154064, 0.14721986146265778)"
132,"(0.12865556792872312, 0.12706366781275613)","(0.13047470584795184, 0.13007351323679572)","(0.12479308566771341, 0.12358887590899925)","(0.12883553487833177, 0.12844972971373583)"
133,"(0.12683537710147819, 0.125442933604743)","(0.11510695159103368, 0.11457679921133312)","(0.1202963803658369, 0.11857716446953137)","(0.09501873179319864, 0.09471318666764247)"
134,"(0.13519087259284202, 0.1333108440644304)","(0.0962725320519826, 0.0960963964484951)","(0.13160783775022233, 0.12953077951487002)","(0.1324116531793854, 0.13160293630445516)"
135,"(0.12552409704023737, 0.12473541394522425)","(0.08038430140939712, 0.07955704801153796)","(0.12334951608990241, 0.12226516387638886)","(0.1143334125098534, 0.11243208198907326)"
136,"(0.14307201319943474, 0.14097762420232318)","(0.13938095566551978, 0.13873911709643894)","(0.14043288214111604, 0.13729768223901007)","(0.14258457937284374, 0.14138558948961513)"
137,"(0.11351804230239926, 0.11260214902440457)","(0.09571901158262641, 0.095554323344893)","(0.11286983259531802, 0.11174558122429423)","(0.11487100621641244, 0.11466215161069178)"
138,"(0.12005007725371675, 0.118009944045524)","(0.09596381487278349, 0.09514763414446903)","(0.11584817546342674, 0.11396798829503485)","(0.11750994189454445, 0.11695470642931949)"
139,"(0.1259582197530109, 0.12475736706044027)","(0.12366358827099644, 0.12327330415506832)","(0.12360518413107946, 0.12237836187637785)","(0.10942664968147275, 0.10708248903750905)"
140,"(0.15524545560031722, 0.15285342665976254)","(0.1321882161717145, 0.13199880817175091)","(0.1534066092818227, 0.1512511278001184)","(0.15443646712980397, 0.1532150915809524)"
141,"(0.12535245293732433, 0.1236987199769426)","(0.08705535526411567, 0.08649368371521748)","(0.12063577924379776, 0.11919632078775522)","(0.12382783975268274, 0.12324505938492472)"
142,"(0.1340969668161982, 0.13315609640731596)","(0.10071191222983322, 0.10015958255318835)","(0.1300534138004612, 0.12936425231308468)","(0.13183242566474584, 0.13140130211989945)"
143,"(0.13439201062402983, 0.1321022354598541)","(0.09571533977525104, 0.09536723110420275)","(0.13029983931605182, 0.1267484664249765)","(0.13165333918072752, 0.1309487439423765)"
144,"(0.12866711234642736, 0.12781000347484717)","(0.11481599991256597, 0.11469206454331937)","(0.12519591057681523, 0.12392016939148165)","(0.12918609820002958, 0.12852277856193742)"
145,"(0.12676752866472651, 0.12569686644512124)","(0.12706227025040429, 0.12678519480357375)","(0.12508193356901498, 0.12389898473991245)","(0.12895457309211267, 0.12844558122794628)"
146,"(0.12125234786510708, 0.11967901043451801)","(0.1145313647765811, 0.11410608271637901)","(0.11650716068751155, 0.11527863590661103)","(0.11861322143620345, 0.11833009258761351)"
147,"(0.1179837384942809, 0.11708956305520779)","(0.11232546637317786, 0.11214576480810523)","(0.11538851494041102, 0.11463018087848498)","(0.09660414473791468, 0.09637571782119643)"
148,"(0.12158676243437672, 0.11610662175133046)","(0.11314736487451216, 0.11296024408947636)","(0.1192502344191918, 0.11243093512904245)","(0.12325828250301496, 0.11960242410861811)"
149,"(0.11958364156829693, 0.11886101165837748)","(0.12303799661497139, 0.1225706926087391)","(0.11904341797581919, 0.11827926525965315)","(0.1089264810445163, 0.1086401257164544)"
150,"(0.1399985273972435, 0.138904447397995)","(0.11607565485365678, 0.11563947705001887)","(0.1369559794573324, 0.13601938690895166)","(0.1386018613762946, 0.13812931805849468)"
151,"(0.14627732209203403, 0.13577262488863162)","(0.13515745506727872, 0.1341571435835106)","(0.14427084803842882, 0.13257597545547917)","(0.14622251573340705, 0.14317616368475333)"
152,"(0.1320323133755158, 0.13149480199950236)","(0.11539837817319776, 0.11509010081690285)","(0.12964798184207305, 0.1293704573033838)","(0.12583194278045517, 0.12560651609125092)"
153,"(0.12462509994686732, 0.1222032993920531)","(0.11039398236821907, 0.10958948670256385)","(0.12203882591629589, 0.12069057845627151)","(0.12434290698602102, 0.12370198830993313)"
154,"(0.15146118632020134, 0.15068023601257496)","(0.11800337772481484, 0.11756967567397114)","(0.14639536969390632, 0.1455183953816077)","(0.15161022532885793, 0.15122368418126717)"
155,"(0.12638210388246118, 0.12006060796855633)","(0.11433957984294452, 0.1137879106921863)","(0.12405590694892454, 0.1177723882932793)","(0.12795876616716084, 0.12197111412244659)"
156,"(0.14318345119675202, 0.14177573145558742)","(0.14116533017514188, 0.1408785831351056)","(0.1405372238632565, 0.13883021929290118)","(0.14315958673930673, 0.14255665295244582)"
157,"(0.11777690624383164, 0.11507006523313001)","(0.09733757173485214, 0.09704013015405366)","(0.11631764694465063, 0.11360125173317659)","(0.1141204883078144, 0.1134818832023993)"
158,"(0.12316128260996462, 0.1220619506200884)","(0.12044804395991338, 0.12032651206390133)","(0.12188177493430641, 0.12129967577286516)","(0.1236511380836054, 0.12337108158492044)"
159,"(0.10769449267331987, 0.1058784393014085)","(0.09762373972650784, 0.09669842727141309)","(0.10619133958678317, 0.10299538548484544)","(0.1075972598938596, 0.10728775187979181)"
160,"(0.14069003875381858, 0.13963998563810798)","(0.12207166210611697, 0.1218987520654069)","(0.13697926650927117, 0.13461380713247473)","(0.11996739286758973, 0.1193838570202937)"
161,"(0.1419580988762461, 0.14109266664752496)","(0.09932408269104598, 0.09884421120371656)","(0.1409368667671873, 0.14026179231839675)","(0.1413810887557857, 0.14123832400627404)"
162,"(0.11971188659498821, 0.11875950773585697)","(0.09076501007821691, 0.09013836882258186)","(0.11762035274126215, 0.11623544283493503)","(0.11869462166713352, 0.11832794930613982)"
163,"(0.12806732249919428, 0.12762249518803914)","(0.10565279461979538, 0.10513228539256347)","(0.12546899281623403, 0.12518533080124616)","(0.10744144531246402, 0.10384496315894261)"
164,"(0.13304923577849115, 0.13040568021295185)","(0.09692934579972545, 0.09652963999049824)","(0.12998002429079913, 0.1273816744953613)","(0.09973776550218383, 0.09931507854205597)"
165,"(0.13144226025202732, 0.1306581220466837)","(0.09884413512153656, 0.09801267456090157)","(0.12810222695650253, 0.12550101392580482)","(0.1318875560896, 0.13109943999147272)"
166,"(0.14201248374847097, 0.14058157341091748)","(0.11998533428111635, 0.11980985646648723)","(0.14070293916787757, 0.13934678137755718)","(0.13929929164373256, 0.13382507255152015)"
167,"(0.11139446417620458, 0.1101520417279932)","(0.09360950395853151, 0.09331881529311403)","(0.10807285192087412, 0.1063336306213809)","(0.10363562962900619, 0.10303989116329525)"
168,"(0.18729171464681338, 0.18549306783382646)","(0.10937169136199731, 0.10874473371978832)","(0.17992248881389228, 0.1790513169862954)","(0.18627355269232926, 0.18542650915384626)"
169,"(0.11469469171903424, 0.11347555639984108)","(0.10842937344830905, 0.10806027896390247)","(0.11290244722665121, 0.11179410965150527)","(0.11384304183703708, 0.11351768722695475)"
170,"(0.1448281520531327, 0.14376532860302316)","(0.13396585695272967, 0.13384355677629778)","(0.1417625602261563, 0.14085772235219796)","(0.12284014366589169, 0.12233853766486925)"
171,"(0.13597137328991582, 0.13360150751881517)","(0.11870333313925674, 0.11857744535755721)","(0.13436393509659972, 0.131716953494719)","(0.12598248817055768, 0.12544552914467783)"
172,"(0.11638099648926326, 0.1155208021554398)","(0.12122287416147504, 0.12090282513839112)","(0.11598544348413653, 0.1147578739488162)","(0.11243047689141761, 0.11194768120428877)"
173,"(0.12462820513182071, 0.11740344098884048)","(0.11903589066344256, 0.11869073714043477)","(0.12372033587618503, 0.11520227518512893)","(0.12632043733183052, 0.12206868428599206)"
174,"(0.1472283484382877, 0.14529131641125614)","(0.11086482746498427, 0.11010626290987002)","(0.13438626869378456, 0.13403725588242166)","(0.09642079235811629, 0.09615723187347096)"
175,"(0.12140865313011451, 0.120736792407517)","(0.09714662228971105, 0.09652613511111441)","(0.11880844530127521, 0.11826175680467932)","(0.12356533257050417, 0.1231635610640098)"
176,"(0.1228610099933527, 0.12091891501607177)","(0.10827476791693902, 0.10749501165472353)","(0.12182579003245664, 0.11982687123707136)","(0.11915608481385909, 0.11860083022894613)"
177,"(0.13451064553410885, 0.12793942191702912)","(0.13937260423416098, 0.13919644451320456)","(0.13451064553410885, 0.1267751286567751)","(0.1121662195899138, 0.11085992757087126)"
178,"(0.11825042746146208, 0.11673507399621941)","(0.10791494132258761, 0.10777200311662694)","(0.1173911158643346, 0.11557078224445239)","(0.11503082680155063, 0.11248060293708195)"
179,"(0.14286729861603797, 0.14224724259524169)","(0.11903652316248148, 0.11875830021896117)","(0.14022587161488942, 0.13889073964916743)","(0.14645095398135044, 0.1455828704318467)"
180,"(0.13358113499618984, 0.13117695853731826)","(0.0900776830559642, 0.08997255368157553)","(0.13233522724197955, 0.13009316300033757)","(0.13409808921675714, 0.13304163480049608)"
181,"(0.13445794556620394, 0.12907211728687829)","(0.1081529378943844, 0.10782895954055072)","(0.13337136573241515, 0.12818526311977196)","(0.13555122547345666, 0.13229600871232153)"
182,"(0.12401036365838558, 0.12306856107939856)","(0.12902182683712837, 0.12864416845207538)","(0.12281058578153958, 0.12040940104354592)","(0.10498385070640792, 0.10422468079364533)"
183,"(0.09721455781105504, 0.09650761261636587)","(0.1019107077436644, 0.10172977912617376)","(0.09528255111790629, 0.09480597800305735)","(0.09831871974833373, 0.09810013359000834)"
184,"(0.12717574592010084, 0.1190797809542079)","(0.10663647281058541, 0.1059145589611511)","(0.12571945450745592, 0.1150547341302447)","(0.13102753846720516, 0.12538477508456186)"
185,"(0.16153809172501832, 0.15693982192121125)","(0.1480411821792843, 0.14745517915112505)","(0.15914827213659943, 0.15468981017056327)","(0.14465078382417507, 0.14401363102674594)"
186,"(0.12040375216381916, 0.11997352642215353)","(0.09640382166471506, 0.09604315715169309)","(0.11901348723575988, 0.11832445802538571)","(0.11991326395339075, 0.11955665590981918)"
187,"(0.14277973926311682, 0.1421575142057795)","(0.14395775544291367, 0.14332357583120103)","(0.14160168331218947, 0.1410855956682464)","(0.11494661360856318, 0.11464132483008396)"
188,"(0.1252479185740757, 0.12462384598836096)","(0.12913853211190085, 0.12853974042825345)","(0.12316167724643534, 0.12194076432690515)","(0.11196487778094133, 0.11051814186721112)"
189,"(0.11016525161695423, 0.1097180607564644)","(0.10499424694139747, 0.10480391912508691)","(0.10652757962649928, 0.10570731246335285)","(0.0920447572110823, 0.09099891831650031)"
190,"(0.11805625433865519, 0.1170526149606943)","(0.08153294888651219, 0.08056653516370038)","(0.11408076207001439, 0.10976690904302377)","(0.11561447321705709, 0.11480314132972712)"
191,"(0.14080874555762357, 0.13957920367651666)","(0.08907055607570502, 0.08854940247608178)","(0.13840483949010673, 0.13691262543569727)","(0.1405304488367215, 0.13975383679490241)"
192,"(0.14202220875610005, 0.13891151959895787)","(0.12890191696476916, 0.12838500483509718)","(0.13969140343811348, 0.1363186218879684)","(0.13264027830649072, 0.13202192566118287)"
193,"(0.12892026886313213, 0.1284646277232826)","(0.10233452278217192, 0.10200801232014656)","(0.12543455309947937, 0.12490715199266789)","(0.12314479367366082, 0.1228776450742334)"
194,"(0.12827547123372463, 0.12666615390940406)","(0.10452056780352781, 0.10421457597596273)","(0.12662929488535946, 0.12545293316624673)","(0.12950864066154166, 0.12721086455968802)"
195,"(0.11751015116380592, 0.11546628691454863)","(0.09566205168650133, 0.09512714120067212)","(0.1148182768396131, 0.11277992297390327)","(0.11633067558136856, 0.1154203362541285)"
196,"(0.14713124310297354, 0.1464810575138782)","(0.15019927157799984, 0.15000936201977522)","(0.14605420275338732, 0.14512312067757083)","(0.09887849952089589, 0.0956032314897725)"
197,"(0.12656608568371586, 0.12395284542461171)","(0.1266674940801209, 0.1264860884518405)","(0.12603049955558765, 0.12304196831641734)","(0.12476674727493098, 0.1246412974552914)"
198,"(0.11846263639979426, 0.11632183966485421)","(0.12157265477047374, 0.12118229157331639)","(0.11846263639979426, 0.11462076093459372)","(0.11627753085339432, 0.11592282411460579)"
199,"(0.11163610598998952, 0.11058713647789542)","(0.11459621590036506, 0.1142379859736734)","(0.11163610598998952, 0.10975551413897944)","(0.10889475595896381, 0.10869122167977172)"
